filename,filepath,empty
0.jpg,images/0.jpg,0
1.jpg,images/1.jpg,1
2.jpg,images/2.jpg,1
3.jpg,images/3.jpg,1
4.jpg,images/4.jpg,1
5.jpg,images/5.jpg,1
6.jpg,images/6.jpg,1
7.jpg,images/7.jpg,1
8.jpg,images/8.jpg,1
9.jpg,images/9.jpg,1
10.jpg,images/10.jpg,1
11.jpg,images/11.jpg,0
12.jpg,images/12.jpg,1
13.jpg,images/13.jpg,0
14.jpg,images/14.jpg,0
15.jpg,images/15.jpg,1
16.jpg,images/16.jpg,1
17.jpg,images/17.jpg,0
18.jpg,images/18.jpg,1
19.jpg,images/19.jpg,0
20.jpg,images/20.jpg,1
21.jpg,images/21.jpg,0
22.jpg,images/22.jpg,1
23.jpg,images/23.jpg,1
24.jpg,images/24.jpg,1
25.jpg,images/25.jpg,0
26.jpg,images/26.jpg,1
27.jpg,images/27.jpg,1
28.jpg,images/28.jpg,1
29.jpg,images/29.jpg,0
30.jpg,images/30.jpg,1
31.jpg,images/31.jpg,0
32.jpg,images/32.jpg,0
33.jpg,images/33.jpg,1
34.jpg,images/34.jpg,1
35.jpg,images/35.jpg,1
36.jpg,images/36.jpg,1
37.jpg,images/37.jpg,1
38.jpg,images/38.jpg,1
39.jpg,images/39.jpg,0
40.jpg,images/40.jpg,1
41.jpg,images/41.jpg,1
42.jpg,images/42.jpg,0
43.jpg,images/43.jpg,1
44.jpg,images/44.jpg,0
45.jpg,images/45.jpg,1
46.jpg,images/46.jpg,0
47.jpg,images/47.jpg,1
48.jpg,images/48.jpg,1
49.jpg,images/49.jpg,1
50.jpg,images/50.jpg,0
51.jpg,images/51.jpg,1
52.jpg,images/52.jpg,1
53.jpg,images/53.jpg,1
54.jpg,images/54.jpg,0
55.jpg,images/55.jpg,1
56.jpg,images/56.jpg,1
57.jpg,images/57.jpg,1
58.jpg,images/58.jpg,1
59.jpg,images/59.jpg,0
60.jpg,images/60.jpg,1
61.jpg,images/61.jpg,0
62.jpg,images/62.jpg,0
63.jpg,images/63.jpg,1
64.jpg,images/64.jpg,1
65.jpg,images/65.jpg,0
66.jpg,images/66.jpg,1
67.jpg,images/67.jpg,0
68.jpg,images/68.jpg,0
69.jpg,images/69.jpg,1
70.jpg,images/70.jpg,1
71.jpg,images/71.jpg,1
72.jpg,images/72.jpg,1
73.jpg,images/73.jpg,0
74.jpg,images/74.jpg,1
75.jpg,images/75.jpg,0
76.jpg,images/76.jpg,1
77.jpg,images/77.jpg,0
78.jpg,images/78.jpg,1
79.jpg,images/79.jpg,0
80.jpg,images/80.jpg,1
81.jpg,images/81.jpg,1
82.jpg,images/82.jpg,0
83.jpg,images/83.jpg,1
84.jpg,images/84.jpg,0
85.jpg,images/85.jpg,1
86.jpg,images/86.jpg,1
87.jpg,images/87.jpg,1
88.jpg,images/88.jpg,1
89.jpg,images/89.jpg,1
90.jpg,images/90.jpg,1
91.jpg,images/91.jpg,1
92.jpg,images/92.jpg,0
93.jpg,images/93.jpg,1
94.jpg,images/94.jpg,1
95.jpg,images/95.jpg,0
96.jpg,images/96.jpg,0
97.jpg,images/97.jpg,1
98.jpg,images/98.jpg,0
99.jpg,images/99.jpg,1
100.jpg,images/100.jpg,0
101.jpg,images/101.jpg,1
102.jpg,images/102.jpg,1
103.jpg,images/103.jpg,0
104.jpg,images/104.jpg,0
105.jpg,images/105.jpg,1
106.jpg,images/106.jpg,1
107.jpg,images/107.jpg,1
108.jpg,images/108.jpg,0
109.jpg,images/109.jpg,1
110.jpg,images/110.jpg,1
111.jpg,images/111.jpg,0
112.jpg,images/112.jpg,0
113.jpg,images/113.jpg,1
114.jpg,images/114.jpg,1
115.jpg,images/115.jpg,0
116.jpg,images/116.jpg,1
117.jpg,images/117.jpg,1
118.jpg,images/118.jpg,0
119.jpg,images/119.jpg,1
120.jpg,images/120.jpg,1
121.jpg,images/121.jpg,0
122.jpg,images/122.jpg,1
123.jpg,images/123.jpg,0
124.jpg,images/124.jpg,1
125.jpg,images/125.jpg,1
126.jpg,images/126.jpg,1
127.jpg,images/127.jpg,0
128.jpg,images/128.jpg,0
129.jpg,images/129.jpg,1
130.jpg,images/130.jpg,1
131.jpg,images/131.jpg,0
132.jpg,images/132.jpg,1
133.jpg,images/133.jpg,1
134.jpg,images/134.jpg,1
135.jpg,images/135.jpg,0
136.jpg,images/136.jpg,0
137.jpg,images/137.jpg,1
138.jpg,images/138.jpg,1
139.jpg,images/139.jpg,1
140.jpg,images/140.jpg,1
141.jpg,images/141.jpg,1
142.jpg,images/142.jpg,1
143.jpg,images/143.jpg,1
144.jpg,images/144.jpg,1
145.jpg,images/145.jpg,0
146.jpg,images/146.jpg,1
147.jpg,images/147.jpg,0
148.jpg,images/148.jpg,1
149.jpg,images/149.jpg,1
150.jpg,images/150.jpg,0
151.jpg,images/151.jpg,1
152.jpg,images/152.jpg,0
153.jpg,images/153.jpg,1
154.jpg,images/154.jpg,1
155.jpg,images/155.jpg,0
156.jpg,images/156.jpg,1
157.jpg,images/157.jpg,0
158.jpg,images/158.jpg,1
159.jpg,images/159.jpg,0
160.jpg,images/160.jpg,1
161.jpg,images/161.jpg,1
162.jpg,images/162.jpg,1
163.jpg,images/163.jpg,1
164.jpg,images/164.jpg,0
165.jpg,images/165.jpg,1
166.jpg,images/166.jpg,1
167.jpg,images/167.jpg,1
168.jpg,images/168.jpg,0
169.jpg,images/169.jpg,1
170.jpg,images/170.jpg,1
171.jpg,images/171.jpg,1
172.jpg,images/172.jpg,1
173.jpg,images/173.jpg,1
174.jpg,images/174.jpg,1
175.jpg,images/175.jpg,1
176.jpg,images/176.jpg,1
177.jpg,images/177.jpg,1
178.jpg,images/178.jpg,1
179.jpg,images/179.jpg,1
180.jpg,images/180.jpg,1
181.jpg,images/181.jpg,0
182.jpg,images/182.jpg,0
183.jpg,images/183.jpg,1
184.jpg,images/184.jpg,1
185.jpg,images/185.jpg,1
186.jpg,images/186.jpg,0
187.jpg,images/187.jpg,1
188.jpg,images/188.jpg,1
189.jpg,images/189.jpg,1
190.jpg,images/190.jpg,1
191.jpg,images/191.jpg,1
192.jpg,images/192.jpg,0
193.jpg,images/193.jpg,1
194.jpg,images/194.jpg,1
195.jpg,images/195.jpg,1
196.jpg,images/196.jpg,1
197.jpg,images/197.jpg,0
198.jpg,images/198.jpg,1
199.jpg,images/199.jpg,0
200.jpg,images/200.jpg,1
201.jpg,images/201.jpg,1
202.jpg,images/202.jpg,0
203.jpg,images/203.jpg,1
204.jpg,images/204.jpg,1
205.jpg,images/205.jpg,0
206.jpg,images/206.jpg,1
207.jpg,images/207.jpg,1
208.jpg,images/208.jpg,1
209.jpg,images/209.jpg,0
210.jpg,images/210.jpg,1
211.jpg,images/211.jpg,0
212.jpg,images/212.jpg,1
213.jpg,images/213.jpg,0
214.jpg,images/214.jpg,1
215.jpg,images/215.jpg,1
216.jpg,images/216.jpg,1
217.jpg,images/217.jpg,1
218.jpg,images/218.jpg,1
219.jpg,images/219.jpg,0
220.jpg,images/220.jpg,1
221.jpg,images/221.jpg,0
222.jpg,images/222.jpg,1
223.jpg,images/223.jpg,1
224.jpg,images/224.jpg,0
225.jpg,images/225.jpg,1
226.jpg,images/226.jpg,1
227.jpg,images/227.jpg,0
228.jpg,images/228.jpg,0
229.jpg,images/229.jpg,1
230.jpg,images/230.jpg,1
231.jpg,images/231.jpg,0
232.jpg,images/232.jpg,1
233.jpg,images/233.jpg,1
234.jpg,images/234.jpg,0
235.jpg,images/235.jpg,1
236.jpg,images/236.jpg,1
237.jpg,images/237.jpg,0
238.jpg,images/238.jpg,1
239.jpg,images/239.jpg,1
240.jpg,images/240.jpg,1
241.jpg,images/241.jpg,1
242.jpg,images/242.jpg,1
243.jpg,images/243.jpg,1
244.jpg,images/244.jpg,0
245.jpg,images/245.jpg,0
246.jpg,images/246.jpg,0
247.jpg,images/247.jpg,1
248.jpg,images/248.jpg,1
249.jpg,images/249.jpg,0
250.jpg,images/250.jpg,1
251.jpg,images/251.jpg,0
252.jpg,images/252.jpg,1
253.jpg,images/253.jpg,0
254.jpg,images/254.jpg,1
255.jpg,images/255.jpg,0
256.jpg,images/256.jpg,0
257.jpg,images/257.jpg,1
258.jpg,images/258.jpg,1
259.jpg,images/259.jpg,1
260.jpg,images/260.jpg,1
261.jpg,images/261.jpg,0
262.jpg,images/262.jpg,1
263.jpg,images/263.jpg,0
264.jpg,images/264.jpg,1
265.jpg,images/265.jpg,0
266.jpg,images/266.jpg,0
267.jpg,images/267.jpg,1
268.jpg,images/268.jpg,1
269.jpg,images/269.jpg,1
270.jpg,images/270.jpg,1
271.jpg,images/271.jpg,1
272.jpg,images/272.jpg,1
273.jpg,images/273.jpg,0
274.jpg,images/274.jpg,1
275.jpg,images/275.jpg,1
276.jpg,images/276.jpg,1
277.jpg,images/277.jpg,1
278.jpg,images/278.jpg,0
279.jpg,images/279.jpg,1
280.jpg,images/280.jpg,0
281.jpg,images/281.jpg,1
282.jpg,images/282.jpg,0
283.jpg,images/283.jpg,1
284.jpg,images/284.jpg,0
285.jpg,images/285.jpg,1
286.jpg,images/286.jpg,0
287.jpg,images/287.jpg,1
288.jpg,images/288.jpg,1
289.jpg,images/289.jpg,0
290.jpg,images/290.jpg,1
291.jpg,images/291.jpg,1
292.jpg,images/292.jpg,1
293.jpg,images/293.jpg,1
294.jpg,images/294.jpg,0
295.jpg,images/295.jpg,1
296.jpg,images/296.jpg,1
297.jpg,images/297.jpg,0
298.jpg,images/298.jpg,1
299.jpg,images/299.jpg,0
300.jpg,images/300.jpg,1
301.jpg,images/301.jpg,0
302.jpg,images/302.jpg,1
303.jpg,images/303.jpg,1
304.jpg,images/304.jpg,1
305.jpg,images/305.jpg,0
306.jpg,images/306.jpg,1
307.jpg,images/307.jpg,1
308.jpg,images/308.jpg,0
309.jpg,images/309.jpg,1
310.jpg,images/310.jpg,1
311.jpg,images/311.jpg,1
312.jpg,images/312.jpg,1
313.jpg,images/313.jpg,0
314.jpg,images/314.jpg,0
315.jpg,images/315.jpg,1
316.jpg,images/316.jpg,1
317.jpg,images/317.jpg,0
318.jpg,images/318.jpg,0
319.jpg,images/319.jpg,1
320.jpg,images/320.jpg,1
321.jpg,images/321.jpg,0
322.jpg,images/322.jpg,0
323.jpg,images/323.jpg,1
324.jpg,images/324.jpg,1
325.jpg,images/325.jpg,0
326.jpg,images/326.jpg,0
327.jpg,images/327.jpg,1
328.jpg,images/328.jpg,0
329.jpg,images/329.jpg,1
330.jpg,images/330.jpg,0
331.jpg,images/331.jpg,1
332.jpg,images/332.jpg,1
333.jpg,images/333.jpg,0
334.jpg,images/334.jpg,0
335.jpg,images/335.jpg,1
336.jpg,images/336.jpg,0
337.jpg,images/337.jpg,0
338.jpg,images/338.jpg,0
339.jpg,images/339.jpg,1
340.jpg,images/340.jpg,1
341.jpg,images/341.jpg,0
342.jpg,images/342.jpg,1
343.jpg,images/343.jpg,1
344.jpg,images/344.jpg,0
345.jpg,images/345.jpg,1
346.jpg,images/346.jpg,1
347.jpg,images/347.jpg,1
348.jpg,images/348.jpg,1
349.jpg,images/349.jpg,0
350.jpg,images/350.jpg,1
351.jpg,images/351.jpg,0
352.jpg,images/352.jpg,1
353.jpg,images/353.jpg,1
354.jpg,images/354.jpg,0
355.jpg,images/355.jpg,1
356.jpg,images/356.jpg,1
357.jpg,images/357.jpg,1
358.jpg,images/358.jpg,1
359.jpg,images/359.jpg,1
360.jpg,images/360.jpg,1
361.jpg,images/361.jpg,1
362.jpg,images/362.jpg,1
363.jpg,images/363.jpg,0
364.jpg,images/364.jpg,1
365.jpg,images/365.jpg,0
366.jpg,images/366.jpg,1
367.jpg,images/367.jpg,1
368.jpg,images/368.jpg,0
369.jpg,images/369.jpg,1
370.jpg,images/370.jpg,0
371.jpg,images/371.jpg,1
372.jpg,images/372.jpg,1
373.jpg,images/373.jpg,1
374.jpg,images/374.jpg,1
375.jpg,images/375.jpg,1
376.jpg,images/376.jpg,1
377.jpg,images/377.jpg,0
378.jpg,images/378.jpg,1
379.jpg,images/379.jpg,1
380.jpg,images/380.jpg,1
381.jpg,images/381.jpg,1
382.jpg,images/382.jpg,0
383.jpg,images/383.jpg,1
384.jpg,images/384.jpg,1
385.jpg,images/385.jpg,1
386.jpg,images/386.jpg,1
387.jpg,images/387.jpg,1
388.jpg,images/388.jpg,0
389.jpg,images/389.jpg,1
390.jpg,images/390.jpg,0
391.jpg,images/391.jpg,1
392.jpg,images/392.jpg,1
393.jpg,images/393.jpg,0
394.jpg,images/394.jpg,1
395.jpg,images/395.jpg,1
396.jpg,images/396.jpg,1
397.jpg,images/397.jpg,0
398.jpg,images/398.jpg,1
399.jpg,images/399.jpg,1
400.jpg,images/400.jpg,0
401.jpg,images/401.jpg,1
402.jpg,images/402.jpg,0
403.jpg,images/403.jpg,1
404.jpg,images/404.jpg,0
405.jpg,images/405.jpg,1
406.jpg,images/406.jpg,0
407.jpg,images/407.jpg,1
408.jpg,images/408.jpg,1
409.jpg,images/409.jpg,0
410.jpg,images/410.jpg,1
411.jpg,images/411.jpg,1
412.jpg,images/412.jpg,1
413.jpg,images/413.jpg,1
414.jpg,images/414.jpg,1
415.jpg,images/415.jpg,0
416.jpg,images/416.jpg,1
417.jpg,images/417.jpg,1
418.jpg,images/418.jpg,1
419.jpg,images/419.jpg,0
420.jpg,images/420.jpg,1
421.jpg,images/421.jpg,1
422.jpg,images/422.jpg,1
423.jpg,images/423.jpg,1
424.jpg,images/424.jpg,0
425.jpg,images/425.jpg,1
426.jpg,images/426.jpg,1
427.jpg,images/427.jpg,0
428.jpg,images/428.jpg,1
429.jpg,images/429.jpg,1
430.jpg,images/430.jpg,1
431.jpg,images/431.jpg,0
432.jpg,images/432.jpg,1
433.jpg,images/433.jpg,0
434.jpg,images/434.jpg,1
435.jpg,images/435.jpg,0
436.jpg,images/436.jpg,1
437.jpg,images/437.jpg,0
438.jpg,images/438.jpg,1
439.jpg,images/439.jpg,0
440.jpg,images/440.jpg,1
441.jpg,images/441.jpg,0
442.jpg,images/442.jpg,1
443.jpg,images/443.jpg,0
444.jpg,images/444.jpg,1
445.jpg,images/445.jpg,1
446.jpg,images/446.jpg,1
447.jpg,images/447.jpg,1
448.jpg,images/448.jpg,1
449.jpg,images/449.jpg,0
450.jpg,images/450.jpg,0
451.jpg,images/451.jpg,1
452.jpg,images/452.jpg,1
453.jpg,images/453.jpg,0
454.jpg,images/454.jpg,1
455.jpg,images/455.jpg,1
456.jpg,images/456.jpg,0
457.jpg,images/457.jpg,1
458.jpg,images/458.jpg,1
459.jpg,images/459.jpg,1
460.jpg,images/460.jpg,1
461.jpg,images/461.jpg,1
462.jpg,images/462.jpg,1
463.jpg,images/463.jpg,1
464.jpg,images/464.jpg,1
465.jpg,images/465.jpg,0
466.jpg,images/466.jpg,0
467.jpg,images/467.jpg,1
468.jpg,images/468.jpg,1
469.jpg,images/469.jpg,1
470.jpg,images/470.jpg,1
471.jpg,images/471.jpg,1
472.jpg,images/472.jpg,1
473.jpg,images/473.jpg,1
474.jpg,images/474.jpg,0
475.jpg,images/475.jpg,1
476.jpg,images/476.jpg,0
477.jpg,images/477.jpg,1
478.jpg,images/478.jpg,0
479.jpg,images/479.jpg,1
480.jpg,images/480.jpg,1
481.jpg,images/481.jpg,0
482.jpg,images/482.jpg,1
483.jpg,images/483.jpg,1
484.jpg,images/484.jpg,0
485.jpg,images/485.jpg,1
486.jpg,images/486.jpg,1
487.jpg,images/487.jpg,1
488.jpg,images/488.jpg,1
489.jpg,images/489.jpg,1
490.jpg,images/490.jpg,1
491.jpg,images/491.jpg,0
492.jpg,images/492.jpg,1
493.jpg,images/493.jpg,0
494.jpg,images/494.jpg,0
495.jpg,images/495.jpg,1
496.jpg,images/496.jpg,1
497.jpg,images/497.jpg,1
498.jpg,images/498.jpg,1
499.jpg,images/499.jpg,1
500.jpg,images/500.jpg,0
501.jpg,images/501.jpg,1
502.jpg,images/502.jpg,0
503.jpg,images/503.jpg,1
504.jpg,images/504.jpg,1
505.jpg,images/505.jpg,0
506.jpg,images/506.jpg,1
507.jpg,images/507.jpg,1
508.jpg,images/508.jpg,1
509.jpg,images/509.jpg,1
510.jpg,images/510.jpg,0
511.jpg,images/511.jpg,1
512.jpg,images/512.jpg,1
513.jpg,images/513.jpg,0
514.jpg,images/514.jpg,0
515.jpg,images/515.jpg,1
516.jpg,images/516.jpg,0
517.jpg,images/517.jpg,1
518.jpg,images/518.jpg,0
519.jpg,images/519.jpg,1
520.jpg,images/520.jpg,1
521.jpg,images/521.jpg,1
522.jpg,images/522.jpg,0
523.jpg,images/523.jpg,1
524.jpg,images/524.jpg,0
525.jpg,images/525.jpg,0
526.jpg,images/526.jpg,0
527.jpg,images/527.jpg,1
528.jpg,images/528.jpg,1
529.jpg,images/529.jpg,0
530.jpg,images/530.jpg,0
531.jpg,images/531.jpg,1
532.jpg,images/532.jpg,1
533.jpg,images/533.jpg,1
534.jpg,images/534.jpg,1
535.jpg,images/535.jpg,0
536.jpg,images/536.jpg,1
537.jpg,images/537.jpg,0
538.jpg,images/538.jpg,1
539.jpg,images/539.jpg,1
540.jpg,images/540.jpg,0
541.jpg,images/541.jpg,1
542.jpg,images/542.jpg,1
543.jpg,images/543.jpg,1
544.jpg,images/544.jpg,1
545.jpg,images/545.jpg,1
546.jpg,images/546.jpg,0
547.jpg,images/547.jpg,1
548.jpg,images/548.jpg,0
549.jpg,images/549.jpg,1
550.jpg,images/550.jpg,0
551.jpg,images/551.jpg,1
552.jpg,images/552.jpg,1
553.jpg,images/553.jpg,1
554.jpg,images/554.jpg,1
555.jpg,images/555.jpg,1
556.jpg,images/556.jpg,1
557.jpg,images/557.jpg,0
558.jpg,images/558.jpg,0
559.jpg,images/559.jpg,1
560.jpg,images/560.jpg,1
561.jpg,images/561.jpg,1
562.jpg,images/562.jpg,1
563.jpg,images/563.jpg,1
564.jpg,images/564.jpg,1
565.jpg,images/565.jpg,1
566.jpg,images/566.jpg,1
567.jpg,images/567.jpg,1
568.jpg,images/568.jpg,0
569.jpg,images/569.jpg,1
570.jpg,images/570.jpg,1
571.jpg,images/571.jpg,0
572.jpg,images/572.jpg,0
573.jpg,images/573.jpg,1
574.jpg,images/574.jpg,1
575.jpg,images/575.jpg,0
576.jpg,images/576.jpg,0
577.jpg,images/577.jpg,1
578.jpg,images/578.jpg,1
579.jpg,images/579.jpg,0
580.jpg,images/580.jpg,0
581.jpg,images/581.jpg,1
582.jpg,images/582.jpg,0
583.jpg,images/583.jpg,1
584.jpg,images/584.jpg,0
585.jpg,images/585.jpg,1
586.jpg,images/586.jpg,0
587.jpg,images/587.jpg,1
588.jpg,images/588.jpg,0
589.jpg,images/589.jpg,1
590.jpg,images/590.jpg,1
591.jpg,images/591.jpg,0
592.jpg,images/592.jpg,1
593.jpg,images/593.jpg,1
594.jpg,images/594.jpg,1
595.jpg,images/595.jpg,0
596.jpg,images/596.jpg,1
597.jpg,images/597.jpg,0
598.jpg,images/598.jpg,1
599.jpg,images/599.jpg,0
600.jpg,images/600.jpg,1
601.jpg,images/601.jpg,0
602.jpg,images/602.jpg,1
603.jpg,images/603.jpg,1
604.jpg,images/604.jpg,0
605.jpg,images/605.jpg,1
606.jpg,images/606.jpg,0
607.jpg,images/607.jpg,1
608.jpg,images/608.jpg,1
609.jpg,images/609.jpg,1
610.jpg,images/610.jpg,0
611.jpg,images/611.jpg,1
612.jpg,images/612.jpg,1
613.jpg,images/613.jpg,1
614.jpg,images/614.jpg,1
615.jpg,images/615.jpg,1
616.jpg,images/616.jpg,1
617.jpg,images/617.jpg,1
618.jpg,images/618.jpg,0
619.jpg,images/619.jpg,1
620.jpg,images/620.jpg,1
621.jpg,images/621.jpg,0
622.jpg,images/622.jpg,1
623.jpg,images/623.jpg,0
624.jpg,images/624.jpg,0
625.jpg,images/625.jpg,1
626.jpg,images/626.jpg,0
627.jpg,images/627.jpg,1
628.jpg,images/628.jpg,1
629.jpg,images/629.jpg,1
630.jpg,images/630.jpg,1
631.jpg,images/631.jpg,0
632.jpg,images/632.jpg,1
633.jpg,images/633.jpg,0
634.jpg,images/634.jpg,0
635.jpg,images/635.jpg,1
636.jpg,images/636.jpg,1
637.jpg,images/637.jpg,0
638.jpg,images/638.jpg,1
639.jpg,images/639.jpg,0
640.jpg,images/640.jpg,0
641.jpg,images/641.jpg,1
642.jpg,images/642.jpg,1
643.jpg,images/643.jpg,0
644.jpg,images/644.jpg,1
645.jpg,images/645.jpg,0
646.jpg,images/646.jpg,1
647.jpg,images/647.jpg,0
648.jpg,images/648.jpg,1
649.jpg,images/649.jpg,0
650.jpg,images/650.jpg,1
651.jpg,images/651.jpg,0
652.jpg,images/652.jpg,1
653.jpg,images/653.jpg,0
654.jpg,images/654.jpg,0
655.jpg,images/655.jpg,1
656.jpg,images/656.jpg,1
657.jpg,images/657.jpg,1
658.jpg,images/658.jpg,1
659.jpg,images/659.jpg,1
660.jpg,images/660.jpg,1
661.jpg,images/661.jpg,0
662.jpg,images/662.jpg,1
663.jpg,images/663.jpg,0
664.jpg,images/664.jpg,1
665.jpg,images/665.jpg,0
666.jpg,images/666.jpg,1
667.jpg,images/667.jpg,1
668.jpg,images/668.jpg,1
669.jpg,images/669.jpg,0
670.jpg,images/670.jpg,0
671.jpg,images/671.jpg,1
672.jpg,images/672.jpg,1
673.jpg,images/673.jpg,1
674.jpg,images/674.jpg,1
675.jpg,images/675.jpg,1
676.jpg,images/676.jpg,1
677.jpg,images/677.jpg,0
678.jpg,images/678.jpg,0
679.jpg,images/679.jpg,0
680.jpg,images/680.jpg,0
681.jpg,images/681.jpg,1
682.jpg,images/682.jpg,1
683.jpg,images/683.jpg,1
684.jpg,images/684.jpg,1
685.jpg,images/685.jpg,1
686.jpg,images/686.jpg,1
687.jpg,images/687.jpg,1
688.jpg,images/688.jpg,0
689.jpg,images/689.jpg,1
690.jpg,images/690.jpg,0
691.jpg,images/691.jpg,1
692.jpg,images/692.jpg,1
693.jpg,images/693.jpg,0
694.jpg,images/694.jpg,1
695.jpg,images/695.jpg,0
696.jpg,images/696.jpg,1
697.jpg,images/697.jpg,1
698.jpg,images/698.jpg,1
699.jpg,images/699.jpg,0
700.jpg,images/700.jpg,1
701.jpg,images/701.jpg,0
702.jpg,images/702.jpg,1
703.jpg,images/703.jpg,0
704.jpg,images/704.jpg,0
705.jpg,images/705.jpg,1
706.jpg,images/706.jpg,1
707.jpg,images/707.jpg,0
708.jpg,images/708.jpg,1
709.jpg,images/709.jpg,0
710.jpg,images/710.jpg,1
711.jpg,images/711.jpg,0
712.jpg,images/712.jpg,1
713.jpg,images/713.jpg,1
714.jpg,images/714.jpg,0
715.jpg,images/715.jpg,1
716.jpg,images/716.jpg,1
717.jpg,images/717.jpg,0
718.jpg,images/718.jpg,0
719.jpg,images/719.jpg,1
720.jpg,images/720.jpg,0
721.jpg,images/721.jpg,1
722.jpg,images/722.jpg,1
723.jpg,images/723.jpg,0
724.jpg,images/724.jpg,1
725.jpg,images/725.jpg,1
726.jpg,images/726.jpg,1
727.jpg,images/727.jpg,0
728.jpg,images/728.jpg,1
729.jpg,images/729.jpg,0
730.jpg,images/730.jpg,1
731.jpg,images/731.jpg,0
732.jpg,images/732.jpg,0
733.jpg,images/733.jpg,1
734.jpg,images/734.jpg,1
735.jpg,images/735.jpg,0
736.jpg,images/736.jpg,1
737.jpg,images/737.jpg,1
738.jpg,images/738.jpg,1
739.jpg,images/739.jpg,1
740.jpg,images/740.jpg,0
741.jpg,images/741.jpg,1
742.jpg,images/742.jpg,1
743.jpg,images/743.jpg,0
744.jpg,images/744.jpg,1
745.jpg,images/745.jpg,1
746.jpg,images/746.jpg,0
747.jpg,images/747.jpg,0
748.jpg,images/748.jpg,1
749.jpg,images/749.jpg,0
750.jpg,images/750.jpg,0
751.jpg,images/751.jpg,1
752.jpg,images/752.jpg,1
753.jpg,images/753.jpg,0
754.jpg,images/754.jpg,1
755.jpg,images/755.jpg,0
756.jpg,images/756.jpg,1
757.jpg,images/757.jpg,1
758.jpg,images/758.jpg,1
759.jpg,images/759.jpg,0
760.jpg,images/760.jpg,1
761.jpg,images/761.jpg,0
762.jpg,images/762.jpg,0
763.jpg,images/763.jpg,1
764.jpg,images/764.jpg,1
765.jpg,images/765.jpg,1
766.jpg,images/766.jpg,1
767.jpg,images/767.jpg,0
768.jpg,images/768.jpg,0
769.jpg,images/769.jpg,1
770.jpg,images/770.jpg,0
771.jpg,images/771.jpg,1
772.jpg,images/772.jpg,1
773.jpg,images/773.jpg,0
774.jpg,images/774.jpg,1
775.jpg,images/775.jpg,0
776.jpg,images/776.jpg,1
777.jpg,images/777.jpg,0
778.jpg,images/778.jpg,1
779.jpg,images/779.jpg,1
780.jpg,images/780.jpg,1
781.jpg,images/781.jpg,0
782.jpg,images/782.jpg,1
783.jpg,images/783.jpg,0
784.jpg,images/784.jpg,1
785.jpg,images/785.jpg,1
786.jpg,images/786.jpg,1
787.jpg,images/787.jpg,0
788.jpg,images/788.jpg,1
789.jpg,images/789.jpg,1
790.jpg,images/790.jpg,1
791.jpg,images/791.jpg,1
792.jpg,images/792.jpg,1
793.jpg,images/793.jpg,0
794.jpg,images/794.jpg,1
795.jpg,images/795.jpg,0
796.jpg,images/796.jpg,1
797.jpg,images/797.jpg,0
798.jpg,images/798.jpg,1
799.jpg,images/799.jpg,0
800.jpg,images/800.jpg,1
801.jpg,images/801.jpg,0
802.jpg,images/802.jpg,1
803.jpg,images/803.jpg,0
804.jpg,images/804.jpg,0
805.jpg,images/805.jpg,1
806.jpg,images/806.jpg,1
807.jpg,images/807.jpg,1
808.jpg,images/808.jpg,1
809.jpg,images/809.jpg,0
810.jpg,images/810.jpg,0
811.jpg,images/811.jpg,1
812.jpg,images/812.jpg,0
813.jpg,images/813.jpg,1
814.jpg,images/814.jpg,1
815.jpg,images/815.jpg,1
816.jpg,images/816.jpg,0
817.jpg,images/817.jpg,1
818.jpg,images/818.jpg,0
819.jpg,images/819.jpg,1
820.jpg,images/820.jpg,0
821.jpg,images/821.jpg,1
822.jpg,images/822.jpg,1
823.jpg,images/823.jpg,1
824.jpg,images/824.jpg,1
825.jpg,images/825.jpg,0
826.jpg,images/826.jpg,0
827.jpg,images/827.jpg,1
828.jpg,images/828.jpg,1
829.jpg,images/829.jpg,1
830.jpg,images/830.jpg,1
831.jpg,images/831.jpg,1
832.jpg,images/832.jpg,1
833.jpg,images/833.jpg,0
834.jpg,images/834.jpg,1
835.jpg,images/835.jpg,1
836.jpg,images/836.jpg,1
837.jpg,images/837.jpg,0
838.jpg,images/838.jpg,1
839.jpg,images/839.jpg,0
840.jpg,images/840.jpg,1
841.jpg,images/841.jpg,0
842.jpg,images/842.jpg,1
843.jpg,images/843.jpg,1
844.jpg,images/844.jpg,0
845.jpg,images/845.jpg,1
846.jpg,images/846.jpg,1
847.jpg,images/847.jpg,1
848.jpg,images/848.jpg,0
849.jpg,images/849.jpg,1
850.jpg,images/850.jpg,1
851.jpg,images/851.jpg,0
852.jpg,images/852.jpg,1
853.jpg,images/853.jpg,0
854.jpg,images/854.jpg,1
855.jpg,images/855.jpg,0
856.jpg,images/856.jpg,1
857.jpg,images/857.jpg,0
858.jpg,images/858.jpg,1
859.jpg,images/859.jpg,1
860.jpg,images/860.jpg,1
861.jpg,images/861.jpg,0
862.jpg,images/862.jpg,1
863.jpg,images/863.jpg,0
864.jpg,images/864.jpg,1
865.jpg,images/865.jpg,1
866.jpg,images/866.jpg,0
867.jpg,images/867.jpg,1
868.jpg,images/868.jpg,1
869.jpg,images/869.jpg,1
870.jpg,images/870.jpg,1
871.jpg,images/871.jpg,0
872.jpg,images/872.jpg,1
873.jpg,images/873.jpg,1
874.jpg,images/874.jpg,1
875.jpg,images/875.jpg,1
876.jpg,images/876.jpg,1
877.jpg,images/877.jpg,0
878.jpg,images/878.jpg,1
879.jpg,images/879.jpg,0
880.jpg,images/880.jpg,1
881.jpg,images/881.jpg,1
882.jpg,images/882.jpg,1
883.jpg,images/883.jpg,0
884.jpg,images/884.jpg,1
885.jpg,images/885.jpg,1
886.jpg,images/886.jpg,0
887.jpg,images/887.jpg,1
888.jpg,images/888.jpg,0
889.jpg,images/889.jpg,1
890.jpg,images/890.jpg,0
891.jpg,images/891.jpg,1
892.jpg,images/892.jpg,0
893.jpg,images/893.jpg,1
894.jpg,images/894.jpg,0
895.jpg,images/895.jpg,1
896.jpg,images/896.jpg,1
897.jpg,images/897.jpg,0
898.jpg,images/898.jpg,1
899.jpg,images/899.jpg,1
900.jpg,images/900.jpg,0
901.jpg,images/901.jpg,1
902.jpg,images/902.jpg,0
903.jpg,images/903.jpg,1
904.jpg,images/904.jpg,0
905.jpg,images/905.jpg,1
906.jpg,images/906.jpg,1
907.jpg,images/907.jpg,0
908.jpg,images/908.jpg,0
909.jpg,images/909.jpg,1
910.jpg,images/910.jpg,1
911.jpg,images/911.jpg,0
912.jpg,images/912.jpg,0
913.jpg,images/913.jpg,1
914.jpg,images/914.jpg,1
915.jpg,images/915.jpg,1
916.jpg,images/916.jpg,1
917.jpg,images/917.jpg,0
918.jpg,images/918.jpg,1
919.jpg,images/919.jpg,1
920.jpg,images/920.jpg,0
921.jpg,images/921.jpg,1
922.jpg,images/922.jpg,1
923.jpg,images/923.jpg,0
924.jpg,images/924.jpg,1
925.jpg,images/925.jpg,0
926.jpg,images/926.jpg,1
927.jpg,images/927.jpg,1
928.jpg,images/928.jpg,1
929.jpg,images/929.jpg,0
930.jpg,images/930.jpg,1
931.jpg,images/931.jpg,1
932.jpg,images/932.jpg,0
933.jpg,images/933.jpg,1
934.jpg,images/934.jpg,1
935.jpg,images/935.jpg,1
936.jpg,images/936.jpg,1
937.jpg,images/937.jpg,0
938.jpg,images/938.jpg,0
939.jpg,images/939.jpg,1
940.jpg,images/940.jpg,0
941.jpg,images/941.jpg,1
942.jpg,images/942.jpg,1
943.jpg,images/943.jpg,0
944.jpg,images/944.jpg,0
945.jpg,images/945.jpg,1
946.jpg,images/946.jpg,1
947.jpg,images/947.jpg,0
948.jpg,images/948.jpg,1
949.jpg,images/949.jpg,0
950.jpg,images/950.jpg,0
951.jpg,images/951.jpg,1
952.jpg,images/952.jpg,0
953.jpg,images/953.jpg,1
954.jpg,images/954.jpg,1
955.jpg,images/955.jpg,0
956.jpg,images/956.jpg,1
957.jpg,images/957.jpg,0
958.jpg,images/958.jpg,1
959.jpg,images/959.jpg,1
960.jpg,images/960.jpg,1
961.jpg,images/961.jpg,1
962.jpg,images/962.jpg,1
963.jpg,images/963.jpg,0
964.jpg,images/964.jpg,1
965.jpg,images/965.jpg,1
966.jpg,images/966.jpg,1
967.jpg,images/967.jpg,0
968.jpg,images/968.jpg,1
969.jpg,images/969.jpg,0
970.jpg,images/970.jpg,1
971.jpg,images/971.jpg,1
972.jpg,images/972.jpg,1
973.jpg,images/973.jpg,0
974.jpg,images/974.jpg,0
975.jpg,images/975.jpg,1
976.jpg,images/976.jpg,0
977.jpg,images/977.jpg,0
978.jpg,images/978.jpg,1
979.jpg,images/979.jpg,1
980.jpg,images/980.jpg,1
981.jpg,images/981.jpg,0
982.jpg,images/982.jpg,1
983.jpg,images/983.jpg,0
984.jpg,images/984.jpg,0
985.jpg,images/985.jpg,1
986.jpg,images/986.jpg,1
987.jpg,images/987.jpg,0
988.jpg,images/988.jpg,1
989.jpg,images/989.jpg,1
990.jpg,images/990.jpg,0
991.jpg,images/991.jpg,1
992.jpg,images/992.jpg,1
993.jpg,images/993.jpg,0
994.jpg,images/994.jpg,1
995.jpg,images/995.jpg,1
996.jpg,images/996.jpg,1
997.jpg,images/997.jpg,0
998.jpg,images/998.jpg,1
999.jpg,images/999.jpg,1
1000.jpg,images/1000.jpg,0
1001.jpg,images/1001.jpg,1
1002.jpg,images/1002.jpg,1
1003.jpg,images/1003.jpg,0
1004.jpg,images/1004.jpg,1
1005.jpg,images/1005.jpg,1
1006.jpg,images/1006.jpg,1
1007.jpg,images/1007.jpg,1
1008.jpg,images/1008.jpg,1
1009.jpg,images/1009.jpg,0
1010.jpg,images/1010.jpg,1
1011.jpg,images/1011.jpg,1
1012.jpg,images/1012.jpg,1
1013.jpg,images/1013.jpg,0
1014.jpg,images/1014.jpg,1
1015.jpg,images/1015.jpg,0
1016.jpg,images/1016.jpg,1
1017.jpg,images/1017.jpg,0
1018.jpg,images/1018.jpg,0
1019.jpg,images/1019.jpg,1
1020.jpg,images/1020.jpg,0
1021.jpg,images/1021.jpg,1
1022.jpg,images/1022.jpg,1
1023.jpg,images/1023.jpg,0
1024.jpg,images/1024.jpg,1
1025.jpg,images/1025.jpg,1
1026.jpg,images/1026.jpg,1
1027.jpg,images/1027.jpg,0
1028.jpg,images/1028.jpg,1
1029.jpg,images/1029.jpg,0
1030.jpg,images/1030.jpg,0
1031.jpg,images/1031.jpg,1
1032.jpg,images/1032.jpg,1
1033.jpg,images/1033.jpg,1
1034.jpg,images/1034.jpg,1
1035.jpg,images/1035.jpg,1
1036.jpg,images/1036.jpg,1
1037.jpg,images/1037.jpg,0
1038.jpg,images/1038.jpg,1
1039.jpg,images/1039.jpg,0
1040.jpg,images/1040.jpg,1
1041.jpg,images/1041.jpg,0
1042.jpg,images/1042.jpg,1
1043.jpg,images/1043.jpg,0
1044.jpg,images/1044.jpg,1
1045.jpg,images/1045.jpg,0
1046.jpg,images/1046.jpg,1
1047.jpg,images/1047.jpg,1
1048.jpg,images/1048.jpg,1
1049.jpg,images/1049.jpg,0
1050.jpg,images/1050.jpg,0
1051.jpg,images/1051.jpg,1
1052.jpg,images/1052.jpg,1
1053.jpg,images/1053.jpg,1
1054.jpg,images/1054.jpg,1
1055.jpg,images/1055.jpg,1
1056.jpg,images/1056.jpg,0
1057.jpg,images/1057.jpg,1
1058.jpg,images/1058.jpg,0
1059.jpg,images/1059.jpg,1
1060.jpg,images/1060.jpg,1
1061.jpg,images/1061.jpg,1
1062.jpg,images/1062.jpg,1
1063.jpg,images/1063.jpg,0
1064.jpg,images/1064.jpg,0
1065.jpg,images/1065.jpg,1
1066.jpg,images/1066.jpg,1
1067.jpg,images/1067.jpg,1
1068.jpg,images/1068.jpg,1
1069.jpg,images/1069.jpg,1
1070.jpg,images/1070.jpg,1
1071.jpg,images/1071.jpg,1
1072.jpg,images/1072.jpg,1
1073.jpg,images/1073.jpg,1
1074.jpg,images/1074.jpg,1
1075.jpg,images/1075.jpg,1
1076.jpg,images/1076.jpg,1
1077.jpg,images/1077.jpg,1
1078.jpg,images/1078.jpg,0
1079.jpg,images/1079.jpg,1
1080.jpg,images/1080.jpg,1
1081.jpg,images/1081.jpg,1
1082.jpg,images/1082.jpg,0
1083.jpg,images/1083.jpg,1
1084.jpg,images/1084.jpg,0
1085.jpg,images/1085.jpg,1
1086.jpg,images/1086.jpg,1
1087.jpg,images/1087.jpg,0
1088.jpg,images/1088.jpg,0
1089.jpg,images/1089.jpg,1
1090.jpg,images/1090.jpg,0
1091.jpg,images/1091.jpg,1
1092.jpg,images/1092.jpg,1
1093.jpg,images/1093.jpg,1
1094.jpg,images/1094.jpg,1
1095.jpg,images/1095.jpg,1
1096.jpg,images/1096.jpg,1
1097.jpg,images/1097.jpg,1
1098.jpg,images/1098.jpg,0
1099.jpg,images/1099.jpg,1
1100.jpg,images/1100.jpg,0
1101.jpg,images/1101.jpg,1
1102.jpg,images/1102.jpg,0
1103.jpg,images/1103.jpg,1
1104.jpg,images/1104.jpg,0
1105.jpg,images/1105.jpg,1
1106.jpg,images/1106.jpg,1
1107.jpg,images/1107.jpg,0
1108.jpg,images/1108.jpg,0
1109.jpg,images/1109.jpg,1
1110.jpg,images/1110.jpg,1
1111.jpg,images/1111.jpg,0
1112.jpg,images/1112.jpg,1
1113.jpg,images/1113.jpg,0
1114.jpg,images/1114.jpg,1
1115.jpg,images/1115.jpg,1
1116.jpg,images/1116.jpg,1
1117.jpg,images/1117.jpg,1
1118.jpg,images/1118.jpg,1
1119.jpg,images/1119.jpg,0
1120.jpg,images/1120.jpg,0
1121.jpg,images/1121.jpg,0
1122.jpg,images/1122.jpg,0
1123.jpg,images/1123.jpg,1
1124.jpg,images/1124.jpg,0
1125.jpg,images/1125.jpg,1
1126.jpg,images/1126.jpg,1
1127.jpg,images/1127.jpg,1
1128.jpg,images/1128.jpg,1
1129.jpg,images/1129.jpg,1
1130.jpg,images/1130.jpg,1
1131.jpg,images/1131.jpg,0
1132.jpg,images/1132.jpg,1
1133.jpg,images/1133.jpg,0
1134.jpg,images/1134.jpg,1
1135.jpg,images/1135.jpg,0
1136.jpg,images/1136.jpg,1
1137.jpg,images/1137.jpg,0
1138.jpg,images/1138.jpg,1
1139.jpg,images/1139.jpg,1
1140.jpg,images/1140.jpg,1
1141.jpg,images/1141.jpg,0
1142.jpg,images/1142.jpg,0
1143.jpg,images/1143.jpg,1
1144.jpg,images/1144.jpg,1
1145.jpg,images/1145.jpg,0
1146.jpg,images/1146.jpg,1
1147.jpg,images/1147.jpg,0
1148.jpg,images/1148.jpg,1
1149.jpg,images/1149.jpg,0
1150.jpg,images/1150.jpg,1
1151.jpg,images/1151.jpg,1
1152.jpg,images/1152.jpg,1
1153.jpg,images/1153.jpg,1
1154.jpg,images/1154.jpg,1
1155.jpg,images/1155.jpg,0
1156.jpg,images/1156.jpg,1
1157.jpg,images/1157.jpg,0
1158.jpg,images/1158.jpg,1
1159.jpg,images/1159.jpg,0
1160.jpg,images/1160.jpg,0
1161.jpg,images/1161.jpg,1
1162.jpg,images/1162.jpg,0
1163.jpg,images/1163.jpg,1
1164.jpg,images/1164.jpg,1
1165.jpg,images/1165.jpg,1
1166.jpg,images/1166.jpg,1
1167.jpg,images/1167.jpg,0
1168.jpg,images/1168.jpg,1
1169.jpg,images/1169.jpg,1
1170.jpg,images/1170.jpg,1
1171.jpg,images/1171.jpg,0
1172.jpg,images/1172.jpg,0
1173.jpg,images/1173.jpg,1
1174.jpg,images/1174.jpg,1
1175.jpg,images/1175.jpg,1
1176.jpg,images/1176.jpg,1
1177.jpg,images/1177.jpg,0
1178.jpg,images/1178.jpg,1
1179.jpg,images/1179.jpg,0
1180.jpg,images/1180.jpg,0
1181.jpg,images/1181.jpg,1
1182.jpg,images/1182.jpg,0
1183.jpg,images/1183.jpg,1
1184.jpg,images/1184.jpg,1
1185.jpg,images/1185.jpg,0
1186.jpg,images/1186.jpg,0
1187.jpg,images/1187.jpg,1
1188.jpg,images/1188.jpg,1
1189.jpg,images/1189.jpg,1
1190.jpg,images/1190.jpg,1
1191.jpg,images/1191.jpg,1
1192.jpg,images/1192.jpg,1
1193.jpg,images/1193.jpg,1
1194.jpg,images/1194.jpg,0
1195.jpg,images/1195.jpg,1
1196.jpg,images/1196.jpg,0
1197.jpg,images/1197.jpg,1
1198.jpg,images/1198.jpg,0
1199.jpg,images/1199.jpg,1
1200.jpg,images/1200.jpg,1
1201.jpg,images/1201.jpg,0
1202.jpg,images/1202.jpg,1
1203.jpg,images/1203.jpg,1
1204.jpg,images/1204.jpg,0
1205.jpg,images/1205.jpg,1
1206.jpg,images/1206.jpg,0
1207.jpg,images/1207.jpg,1
1208.jpg,images/1208.jpg,1
1209.jpg,images/1209.jpg,1
1210.jpg,images/1210.jpg,0
1211.jpg,images/1211.jpg,1
1212.jpg,images/1212.jpg,0
1213.jpg,images/1213.jpg,1
1214.jpg,images/1214.jpg,0
1215.jpg,images/1215.jpg,1
1216.jpg,images/1216.jpg,0
1217.jpg,images/1217.jpg,1
1218.jpg,images/1218.jpg,0
1219.jpg,images/1219.jpg,1
1220.jpg,images/1220.jpg,1
1221.jpg,images/1221.jpg,0
1222.jpg,images/1222.jpg,1
1223.jpg,images/1223.jpg,1
1224.jpg,images/1224.jpg,1
1225.jpg,images/1225.jpg,1
1226.jpg,images/1226.jpg,1
1227.jpg,images/1227.jpg,0
1228.jpg,images/1228.jpg,1
1229.jpg,images/1229.jpg,1
1230.jpg,images/1230.jpg,1
1231.jpg,images/1231.jpg,1
1232.jpg,images/1232.jpg,1
1233.jpg,images/1233.jpg,0
1234.jpg,images/1234.jpg,1
1235.jpg,images/1235.jpg,1
1236.jpg,images/1236.jpg,0
1237.jpg,images/1237.jpg,1
1238.jpg,images/1238.jpg,0
1239.jpg,images/1239.jpg,1
1240.jpg,images/1240.jpg,0
1241.jpg,images/1241.jpg,0
1242.jpg,images/1242.jpg,0
1243.jpg,images/1243.jpg,1
1244.jpg,images/1244.jpg,0
1245.jpg,images/1245.jpg,1
1246.jpg,images/1246.jpg,0
1247.jpg,images/1247.jpg,1
1248.jpg,images/1248.jpg,1
1249.jpg,images/1249.jpg,1
1250.jpg,images/1250.jpg,0
1251.jpg,images/1251.jpg,1
1252.jpg,images/1252.jpg,1
1253.jpg,images/1253.jpg,0
1254.jpg,images/1254.jpg,0
1255.jpg,images/1255.jpg,1
1256.jpg,images/1256.jpg,1
1257.jpg,images/1257.jpg,0
1258.jpg,images/1258.jpg,0
1259.jpg,images/1259.jpg,1
1260.jpg,images/1260.jpg,1
1261.jpg,images/1261.jpg,0
1262.jpg,images/1262.jpg,1
1263.jpg,images/1263.jpg,1
1264.jpg,images/1264.jpg,1
1265.jpg,images/1265.jpg,1
1266.jpg,images/1266.jpg,1
1267.jpg,images/1267.jpg,0
1268.jpg,images/1268.jpg,1
1269.jpg,images/1269.jpg,1
1270.jpg,images/1270.jpg,0
1271.jpg,images/1271.jpg,1
1272.jpg,images/1272.jpg,1
1273.jpg,images/1273.jpg,0
1274.jpg,images/1274.jpg,1
1275.jpg,images/1275.jpg,1
1276.jpg,images/1276.jpg,1
1277.jpg,images/1277.jpg,0
1278.jpg,images/1278.jpg,1
1279.jpg,images/1279.jpg,0
1280.jpg,images/1280.jpg,1
1281.jpg,images/1281.jpg,0
1282.jpg,images/1282.jpg,1
1283.jpg,images/1283.jpg,1
1284.jpg,images/1284.jpg,1
1285.jpg,images/1285.jpg,0
1286.jpg,images/1286.jpg,1
1287.jpg,images/1287.jpg,0
1288.jpg,images/1288.jpg,1
1289.jpg,images/1289.jpg,0
1290.jpg,images/1290.jpg,0
1291.jpg,images/1291.jpg,1
1292.jpg,images/1292.jpg,0
1293.jpg,images/1293.jpg,1
1294.jpg,images/1294.jpg,0
1295.jpg,images/1295.jpg,1
1296.jpg,images/1296.jpg,1
1297.jpg,images/1297.jpg,1
1298.jpg,images/1298.jpg,1
1299.jpg,images/1299.jpg,0
1300.jpg,images/1300.jpg,1
1301.jpg,images/1301.jpg,1
1302.jpg,images/1302.jpg,1
1303.jpg,images/1303.jpg,1
1304.jpg,images/1304.jpg,1
1305.jpg,images/1305.jpg,1
1306.jpg,images/1306.jpg,1
1307.jpg,images/1307.jpg,1
1308.jpg,images/1308.jpg,0
1309.jpg,images/1309.jpg,1
1310.jpg,images/1310.jpg,1
1311.jpg,images/1311.jpg,1
1312.jpg,images/1312.jpg,1
1313.jpg,images/1313.jpg,0
1314.jpg,images/1314.jpg,1
1315.jpg,images/1315.jpg,0
1316.jpg,images/1316.jpg,1
1317.jpg,images/1317.jpg,1
1318.jpg,images/1318.jpg,1
1319.jpg,images/1319.jpg,1
1320.jpg,images/1320.jpg,1
1321.jpg,images/1321.jpg,0
1322.jpg,images/1322.jpg,0
1323.jpg,images/1323.jpg,1
1324.jpg,images/1324.jpg,0
1325.jpg,images/1325.jpg,1
1326.jpg,images/1326.jpg,0
1327.jpg,images/1327.jpg,1
1328.jpg,images/1328.jpg,1
1329.jpg,images/1329.jpg,1
1330.jpg,images/1330.jpg,1
1331.jpg,images/1331.jpg,0
1332.jpg,images/1332.jpg,0
1333.jpg,images/1333.jpg,1
1334.jpg,images/1334.jpg,0
1335.jpg,images/1335.jpg,1
1336.jpg,images/1336.jpg,1
1337.jpg,images/1337.jpg,0
1338.jpg,images/1338.jpg,0
1339.jpg,images/1339.jpg,0
1340.jpg,images/1340.jpg,1
1341.jpg,images/1341.jpg,1
1342.jpg,images/1342.jpg,0
1343.jpg,images/1343.jpg,1
1344.jpg,images/1344.jpg,1
1345.jpg,images/1345.jpg,1
1346.jpg,images/1346.jpg,0
1347.jpg,images/1347.jpg,1
1348.jpg,images/1348.jpg,1
1349.jpg,images/1349.jpg,0
1350.jpg,images/1350.jpg,1
1351.jpg,images/1351.jpg,1
1352.jpg,images/1352.jpg,1
1353.jpg,images/1353.jpg,0
1354.jpg,images/1354.jpg,1
1355.jpg,images/1355.jpg,0
1356.jpg,images/1356.jpg,1
1357.jpg,images/1357.jpg,0
1358.jpg,images/1358.jpg,1
1359.jpg,images/1359.jpg,1
1360.jpg,images/1360.jpg,1
1361.jpg,images/1361.jpg,0
1362.jpg,images/1362.jpg,1
1363.jpg,images/1363.jpg,0
1364.jpg,images/1364.jpg,1
1365.jpg,images/1365.jpg,0
1366.jpg,images/1366.jpg,0
1367.jpg,images/1367.jpg,0
1368.jpg,images/1368.jpg,0
1369.jpg,images/1369.jpg,1
1370.jpg,images/1370.jpg,1
1371.jpg,images/1371.jpg,0
1372.jpg,images/1372.jpg,1
1373.jpg,images/1373.jpg,1
1374.jpg,images/1374.jpg,0
1375.jpg,images/1375.jpg,1
1376.jpg,images/1376.jpg,0
1377.jpg,images/1377.jpg,1
1378.jpg,images/1378.jpg,0
1379.jpg,images/1379.jpg,1
1380.jpg,images/1380.jpg,0
1381.jpg,images/1381.jpg,1
1382.jpg,images/1382.jpg,1
1383.jpg,images/1383.jpg,1
1384.jpg,images/1384.jpg,0
1385.jpg,images/1385.jpg,1
1386.jpg,images/1386.jpg,1
1387.jpg,images/1387.jpg,0
1388.jpg,images/1388.jpg,1
1389.jpg,images/1389.jpg,0
1390.jpg,images/1390.jpg,1
1391.jpg,images/1391.jpg,0
1392.jpg,images/1392.jpg,0
1393.jpg,images/1393.jpg,1
1394.jpg,images/1394.jpg,1
1395.jpg,images/1395.jpg,1
1396.jpg,images/1396.jpg,0
1397.jpg,images/1397.jpg,1
1398.jpg,images/1398.jpg,1
1399.jpg,images/1399.jpg,0
1400.jpg,images/1400.jpg,0
1401.jpg,images/1401.jpg,1
1402.jpg,images/1402.jpg,1
1403.jpg,images/1403.jpg,0
1404.jpg,images/1404.jpg,0
1405.jpg,images/1405.jpg,1
1406.jpg,images/1406.jpg,1
1407.jpg,images/1407.jpg,0
1408.jpg,images/1408.jpg,1
1409.jpg,images/1409.jpg,0
1410.jpg,images/1410.jpg,1
1411.jpg,images/1411.jpg,0
1412.jpg,images/1412.jpg,0
1413.jpg,images/1413.jpg,1
1414.jpg,images/1414.jpg,1
1415.jpg,images/1415.jpg,0
1416.jpg,images/1416.jpg,1
1417.jpg,images/1417.jpg,1
1418.jpg,images/1418.jpg,1
1419.jpg,images/1419.jpg,0
1420.jpg,images/1420.jpg,1
1421.jpg,images/1421.jpg,1
1422.jpg,images/1422.jpg,1
1423.jpg,images/1423.jpg,1
1424.jpg,images/1424.jpg,1
1425.jpg,images/1425.jpg,1
1426.jpg,images/1426.jpg,0
1427.jpg,images/1427.jpg,1
1428.jpg,images/1428.jpg,0
1429.jpg,images/1429.jpg,1
1430.jpg,images/1430.jpg,0
1431.jpg,images/1431.jpg,1
1432.jpg,images/1432.jpg,1
1433.jpg,images/1433.jpg,1
1434.jpg,images/1434.jpg,1
1435.jpg,images/1435.jpg,0
1436.jpg,images/1436.jpg,0
1437.jpg,images/1437.jpg,1
1438.jpg,images/1438.jpg,1
1439.jpg,images/1439.jpg,1
1440.jpg,images/1440.jpg,0
1441.jpg,images/1441.jpg,1
1442.jpg,images/1442.jpg,0
1443.jpg,images/1443.jpg,1
1444.jpg,images/1444.jpg,0
1445.jpg,images/1445.jpg,1
1446.jpg,images/1446.jpg,1
1447.jpg,images/1447.jpg,1
1448.jpg,images/1448.jpg,0
1449.jpg,images/1449.jpg,1
1450.jpg,images/1450.jpg,0
1451.jpg,images/1451.jpg,1
1452.jpg,images/1452.jpg,1
1453.jpg,images/1453.jpg,0
1454.jpg,images/1454.jpg,1
1455.jpg,images/1455.jpg,0
1456.jpg,images/1456.jpg,0
1457.jpg,images/1457.jpg,1
1458.jpg,images/1458.jpg,1
1459.jpg,images/1459.jpg,0
1460.jpg,images/1460.jpg,1
1461.jpg,images/1461.jpg,0
1462.jpg,images/1462.jpg,1
1463.jpg,images/1463.jpg,0
1464.jpg,images/1464.jpg,1
1465.jpg,images/1465.jpg,0
1466.jpg,images/1466.jpg,1
1467.jpg,images/1467.jpg,0
1468.jpg,images/1468.jpg,1
1469.jpg,images/1469.jpg,1
1470.jpg,images/1470.jpg,0
1471.jpg,images/1471.jpg,1
1472.jpg,images/1472.jpg,1
1473.jpg,images/1473.jpg,1
1474.jpg,images/1474.jpg,1
1475.jpg,images/1475.jpg,1
1476.jpg,images/1476.jpg,1
1477.jpg,images/1477.jpg,1
1478.jpg,images/1478.jpg,1
1479.jpg,images/1479.jpg,1
1480.jpg,images/1480.jpg,1
1481.jpg,images/1481.jpg,1
1482.jpg,images/1482.jpg,1
1483.jpg,images/1483.jpg,1
1484.jpg,images/1484.jpg,1
1485.jpg,images/1485.jpg,1
1486.jpg,images/1486.jpg,1
1487.jpg,images/1487.jpg,1
1488.jpg,images/1488.jpg,1
1489.jpg,images/1489.jpg,0
1490.jpg,images/1490.jpg,1
1491.jpg,images/1491.jpg,1
1492.jpg,images/1492.jpg,0
1493.jpg,images/1493.jpg,1
1494.jpg,images/1494.jpg,1
1495.jpg,images/1495.jpg,0
1496.jpg,images/1496.jpg,1
1497.jpg,images/1497.jpg,0
1498.jpg,images/1498.jpg,0
1499.jpg,images/1499.jpg,1
1500.jpg,images/1500.jpg,1
1501.jpg,images/1501.jpg,1
1502.jpg,images/1502.jpg,1
1503.jpg,images/1503.jpg,1
1504.jpg,images/1504.jpg,1
1505.jpg,images/1505.jpg,0
1506.jpg,images/1506.jpg,1
1507.jpg,images/1507.jpg,0
1508.jpg,images/1508.jpg,1
1509.jpg,images/1509.jpg,1
1510.jpg,images/1510.jpg,0
1511.jpg,images/1511.jpg,1
1512.jpg,images/1512.jpg,1
1513.jpg,images/1513.jpg,1
1514.jpg,images/1514.jpg,1
1515.jpg,images/1515.jpg,1
1516.jpg,images/1516.jpg,1
1517.jpg,images/1517.jpg,1
1518.jpg,images/1518.jpg,0
1519.jpg,images/1519.jpg,1
1520.jpg,images/1520.jpg,1
1521.jpg,images/1521.jpg,0
1522.jpg,images/1522.jpg,1
1523.jpg,images/1523.jpg,0
1524.jpg,images/1524.jpg,0
1525.jpg,images/1525.jpg,1
1526.jpg,images/1526.jpg,0
1527.jpg,images/1527.jpg,1
1528.jpg,images/1528.jpg,0
1529.jpg,images/1529.jpg,1
1530.jpg,images/1530.jpg,1
1531.jpg,images/1531.jpg,0
1532.jpg,images/1532.jpg,1
1533.jpg,images/1533.jpg,1
1534.jpg,images/1534.jpg,1
1535.jpg,images/1535.jpg,0
1536.jpg,images/1536.jpg,0
1537.jpg,images/1537.jpg,1
1538.jpg,images/1538.jpg,1
1539.jpg,images/1539.jpg,1
1540.jpg,images/1540.jpg,1
1541.jpg,images/1541.jpg,0
1542.jpg,images/1542.jpg,1
1543.jpg,images/1543.jpg,1
1544.jpg,images/1544.jpg,0
1545.jpg,images/1545.jpg,1
1546.jpg,images/1546.jpg,1
1547.jpg,images/1547.jpg,0
1548.jpg,images/1548.jpg,0
1549.jpg,images/1549.jpg,1
1550.jpg,images/1550.jpg,1
1551.jpg,images/1551.jpg,0
1552.jpg,images/1552.jpg,1
1553.jpg,images/1553.jpg,1
1554.jpg,images/1554.jpg,1
1555.jpg,images/1555.jpg,0
1556.jpg,images/1556.jpg,1
1557.jpg,images/1557.jpg,0
1558.jpg,images/1558.jpg,1
1559.jpg,images/1559.jpg,0
1560.jpg,images/1560.jpg,1
1561.jpg,images/1561.jpg,1
1562.jpg,images/1562.jpg,1
1563.jpg,images/1563.jpg,1
1564.jpg,images/1564.jpg,1
1565.jpg,images/1565.jpg,0
1566.jpg,images/1566.jpg,1
1567.jpg,images/1567.jpg,1
1568.jpg,images/1568.jpg,1
1569.jpg,images/1569.jpg,1
1570.jpg,images/1570.jpg,1
1571.jpg,images/1571.jpg,0
1572.jpg,images/1572.jpg,1
1573.jpg,images/1573.jpg,1
1574.jpg,images/1574.jpg,1
1575.jpg,images/1575.jpg,1
1576.jpg,images/1576.jpg,1
1577.jpg,images/1577.jpg,1
1578.jpg,images/1578.jpg,1
1579.jpg,images/1579.jpg,0
1580.jpg,images/1580.jpg,1
1581.jpg,images/1581.jpg,1
1582.jpg,images/1582.jpg,1
1583.jpg,images/1583.jpg,1
1584.jpg,images/1584.jpg,0
1585.jpg,images/1585.jpg,1
1586.jpg,images/1586.jpg,0
1587.jpg,images/1587.jpg,1
1588.jpg,images/1588.jpg,1
1589.jpg,images/1589.jpg,1
1590.jpg,images/1590.jpg,1
1591.jpg,images/1591.jpg,1
1592.jpg,images/1592.jpg,1
1593.jpg,images/1593.jpg,1
1594.jpg,images/1594.jpg,1
1595.jpg,images/1595.jpg,1
1596.jpg,images/1596.jpg,1
1597.jpg,images/1597.jpg,1
1598.jpg,images/1598.jpg,1
1599.jpg,images/1599.jpg,1
1600.jpg,images/1600.jpg,0
1601.jpg,images/1601.jpg,1
1602.jpg,images/1602.jpg,1
1603.jpg,images/1603.jpg,1
1604.jpg,images/1604.jpg,0
1605.jpg,images/1605.jpg,1
1606.jpg,images/1606.jpg,0
1607.jpg,images/1607.jpg,1
1608.jpg,images/1608.jpg,1
1609.jpg,images/1609.jpg,0
1610.jpg,images/1610.jpg,0
1611.jpg,images/1611.jpg,1
1612.jpg,images/1612.jpg,0
1613.jpg,images/1613.jpg,1
1614.jpg,images/1614.jpg,1
1615.jpg,images/1615.jpg,0
1616.jpg,images/1616.jpg,1
1617.jpg,images/1617.jpg,0
1618.jpg,images/1618.jpg,1
1619.jpg,images/1619.jpg,0
1620.jpg,images/1620.jpg,1
1621.jpg,images/1621.jpg,1
1622.jpg,images/1622.jpg,1
1623.jpg,images/1623.jpg,0
1624.jpg,images/1624.jpg,1
1625.jpg,images/1625.jpg,1
1626.jpg,images/1626.jpg,1
1627.jpg,images/1627.jpg,0
1628.jpg,images/1628.jpg,0
1629.jpg,images/1629.jpg,1
1630.jpg,images/1630.jpg,1
1631.jpg,images/1631.jpg,0
1632.jpg,images/1632.jpg,1
1633.jpg,images/1633.jpg,0
1634.jpg,images/1634.jpg,1
1635.jpg,images/1635.jpg,0
1636.jpg,images/1636.jpg,0
1637.jpg,images/1637.jpg,1
1638.jpg,images/1638.jpg,1
1639.jpg,images/1639.jpg,1
1640.jpg,images/1640.jpg,1
1641.jpg,images/1641.jpg,0
1642.jpg,images/1642.jpg,1
1643.jpg,images/1643.jpg,1
1644.jpg,images/1644.jpg,0
1645.jpg,images/1645.jpg,1
1646.jpg,images/1646.jpg,1
1647.jpg,images/1647.jpg,1
1648.jpg,images/1648.jpg,0
1649.jpg,images/1649.jpg,1
1650.jpg,images/1650.jpg,1
1651.jpg,images/1651.jpg,0
1652.jpg,images/1652.jpg,1
1653.jpg,images/1653.jpg,1
1654.jpg,images/1654.jpg,1
1655.jpg,images/1655.jpg,0
1656.jpg,images/1656.jpg,1
1657.jpg,images/1657.jpg,1
1658.jpg,images/1658.jpg,1
1659.jpg,images/1659.jpg,0
1660.jpg,images/1660.jpg,1
1661.jpg,images/1661.jpg,0
1662.jpg,images/1662.jpg,1
1663.jpg,images/1663.jpg,1
1664.jpg,images/1664.jpg,0
1665.jpg,images/1665.jpg,1
1666.jpg,images/1666.jpg,0
1667.jpg,images/1667.jpg,1
1668.jpg,images/1668.jpg,0
1669.jpg,images/1669.jpg,1
1670.jpg,images/1670.jpg,0
1671.jpg,images/1671.jpg,1
1672.jpg,images/1672.jpg,1
1673.jpg,images/1673.jpg,1
1674.jpg,images/1674.jpg,0
1675.jpg,images/1675.jpg,1
1676.jpg,images/1676.jpg,0
1677.jpg,images/1677.jpg,1
1678.jpg,images/1678.jpg,1
1679.jpg,images/1679.jpg,1
1680.jpg,images/1680.jpg,1
1681.jpg,images/1681.jpg,1
1682.jpg,images/1682.jpg,1
1683.jpg,images/1683.jpg,0
1684.jpg,images/1684.jpg,0
1685.jpg,images/1685.jpg,1
1686.jpg,images/1686.jpg,0
1687.jpg,images/1687.jpg,1
1688.jpg,images/1688.jpg,1
1689.jpg,images/1689.jpg,0
1690.jpg,images/1690.jpg,1
1691.jpg,images/1691.jpg,0
1692.jpg,images/1692.jpg,1
1693.jpg,images/1693.jpg,1
1694.jpg,images/1694.jpg,1
1695.jpg,images/1695.jpg,0
1696.jpg,images/1696.jpg,0
1697.jpg,images/1697.jpg,1
1698.jpg,images/1698.jpg,1
1699.jpg,images/1699.jpg,1
1700.jpg,images/1700.jpg,1
1701.jpg,images/1701.jpg,0
1702.jpg,images/1702.jpg,1
1703.jpg,images/1703.jpg,0
1704.jpg,images/1704.jpg,1
1705.jpg,images/1705.jpg,0
1706.jpg,images/1706.jpg,1
1707.jpg,images/1707.jpg,1
1708.jpg,images/1708.jpg,1
1709.jpg,images/1709.jpg,1
1710.jpg,images/1710.jpg,0
1711.jpg,images/1711.jpg,1
1712.jpg,images/1712.jpg,1
1713.jpg,images/1713.jpg,0
1714.jpg,images/1714.jpg,1
1715.jpg,images/1715.jpg,1
1716.jpg,images/1716.jpg,0
1717.jpg,images/1717.jpg,1
1718.jpg,images/1718.jpg,0
1719.jpg,images/1719.jpg,1
1720.jpg,images/1720.jpg,1
1721.jpg,images/1721.jpg,1
1722.jpg,images/1722.jpg,1
1723.jpg,images/1723.jpg,1
1724.jpg,images/1724.jpg,1
1725.jpg,images/1725.jpg,1
1726.jpg,images/1726.jpg,1
1727.jpg,images/1727.jpg,1
1728.jpg,images/1728.jpg,1
1729.jpg,images/1729.jpg,1
1730.jpg,images/1730.jpg,0
1731.jpg,images/1731.jpg,1
1732.jpg,images/1732.jpg,0
1733.jpg,images/1733.jpg,1
1734.jpg,images/1734.jpg,1
1735.jpg,images/1735.jpg,0
1736.jpg,images/1736.jpg,1
1737.jpg,images/1737.jpg,1
1738.jpg,images/1738.jpg,1
1739.jpg,images/1739.jpg,0
1740.jpg,images/1740.jpg,1
1741.jpg,images/1741.jpg,0
1742.jpg,images/1742.jpg,1
1743.jpg,images/1743.jpg,1
1744.jpg,images/1744.jpg,1
1745.jpg,images/1745.jpg,0
1746.jpg,images/1746.jpg,0
1747.jpg,images/1747.jpg,1
1748.jpg,images/1748.jpg,1
1749.jpg,images/1749.jpg,1
1750.jpg,images/1750.jpg,0
1751.jpg,images/1751.jpg,1
1752.jpg,images/1752.jpg,0
1753.jpg,images/1753.jpg,1
1754.jpg,images/1754.jpg,0
1755.jpg,images/1755.jpg,1
1756.jpg,images/1756.jpg,1
1757.jpg,images/1757.jpg,1
1758.jpg,images/1758.jpg,1
1759.jpg,images/1759.jpg,1
1760.jpg,images/1760.jpg,1
1761.jpg,images/1761.jpg,0
1762.jpg,images/1762.jpg,0
1763.jpg,images/1763.jpg,1
1764.jpg,images/1764.jpg,0
1765.jpg,images/1765.jpg,1
1766.jpg,images/1766.jpg,1
1767.jpg,images/1767.jpg,0
1768.jpg,images/1768.jpg,1
1769.jpg,images/1769.jpg,0
1770.jpg,images/1770.jpg,1
1771.jpg,images/1771.jpg,1
1772.jpg,images/1772.jpg,1
1773.jpg,images/1773.jpg,0
1774.jpg,images/1774.jpg,0
1775.jpg,images/1775.jpg,1
1776.jpg,images/1776.jpg,0
1777.jpg,images/1777.jpg,1
1778.jpg,images/1778.jpg,0
1779.jpg,images/1779.jpg,1
1780.jpg,images/1780.jpg,1
1781.jpg,images/1781.jpg,0
1782.jpg,images/1782.jpg,0
1783.jpg,images/1783.jpg,1
1784.jpg,images/1784.jpg,0
1785.jpg,images/1785.jpg,1
1786.jpg,images/1786.jpg,0
1787.jpg,images/1787.jpg,1
1788.jpg,images/1788.jpg,1
1789.jpg,images/1789.jpg,0
1790.jpg,images/1790.jpg,0
1791.jpg,images/1791.jpg,1
1792.jpg,images/1792.jpg,1
1793.jpg,images/1793.jpg,1
1794.jpg,images/1794.jpg,0
1795.jpg,images/1795.jpg,1
1796.jpg,images/1796.jpg,1
1797.jpg,images/1797.jpg,0
1798.jpg,images/1798.jpg,0
1799.jpg,images/1799.jpg,1
1800.jpg,images/1800.jpg,1
1801.jpg,images/1801.jpg,0
1802.jpg,images/1802.jpg,1
1803.jpg,images/1803.jpg,0
1804.jpg,images/1804.jpg,1
1805.jpg,images/1805.jpg,0
1806.jpg,images/1806.jpg,0
1807.jpg,images/1807.jpg,1
1808.jpg,images/1808.jpg,0
1809.jpg,images/1809.jpg,1
1810.jpg,images/1810.jpg,0
1811.jpg,images/1811.jpg,1
1812.jpg,images/1812.jpg,1
1813.jpg,images/1813.jpg,1
1814.jpg,images/1814.jpg,1
1815.jpg,images/1815.jpg,1
1816.jpg,images/1816.jpg,1
1817.jpg,images/1817.jpg,0
1818.jpg,images/1818.jpg,1
1819.jpg,images/1819.jpg,1
1820.jpg,images/1820.jpg,1
1821.jpg,images/1821.jpg,0
1822.jpg,images/1822.jpg,1
1823.jpg,images/1823.jpg,0
1824.jpg,images/1824.jpg,1
1825.jpg,images/1825.jpg,1
1826.jpg,images/1826.jpg,1
1827.jpg,images/1827.jpg,1
1828.jpg,images/1828.jpg,0
1829.jpg,images/1829.jpg,1
1830.jpg,images/1830.jpg,1
1831.jpg,images/1831.jpg,1
1832.jpg,images/1832.jpg,1
1833.jpg,images/1833.jpg,1
1834.jpg,images/1834.jpg,0
1835.jpg,images/1835.jpg,1
1836.jpg,images/1836.jpg,0
1837.jpg,images/1837.jpg,1
1838.jpg,images/1838.jpg,1
1839.jpg,images/1839.jpg,0
1840.jpg,images/1840.jpg,1
1841.jpg,images/1841.jpg,1
1842.jpg,images/1842.jpg,0
1843.jpg,images/1843.jpg,1
1844.jpg,images/1844.jpg,0
1845.jpg,images/1845.jpg,1
1846.jpg,images/1846.jpg,1
1847.jpg,images/1847.jpg,0
1848.jpg,images/1848.jpg,1
1849.jpg,images/1849.jpg,1
1850.jpg,images/1850.jpg,1
1851.jpg,images/1851.jpg,1
1852.jpg,images/1852.jpg,1
1853.jpg,images/1853.jpg,1
1854.jpg,images/1854.jpg,1
1855.jpg,images/1855.jpg,0
1856.jpg,images/1856.jpg,0
1857.jpg,images/1857.jpg,1
1858.jpg,images/1858.jpg,1
1859.jpg,images/1859.jpg,0
1860.jpg,images/1860.jpg,1
1861.jpg,images/1861.jpg,1
1862.jpg,images/1862.jpg,0
1863.jpg,images/1863.jpg,1
1864.jpg,images/1864.jpg,1
1865.jpg,images/1865.jpg,0
1866.jpg,images/1866.jpg,0
1867.jpg,images/1867.jpg,1
1868.jpg,images/1868.jpg,0
1869.jpg,images/1869.jpg,1
